branch of left anterior choroidal artery to posterior limb of left internal capsule	左脉络丛前动脉左内囊后肢支
branch of left middle cerebral artery to left angular gyrus	左大脑中动脉左角回支
branch of right anterior choroidal artery to posterior limb of right internal capsule	右脉络丛前动脉右内囊后肢支
branch of right middle cerebral artery to right angular gyrus	右大脑中动脉右角回支
communicating branch of left nasociliary nerve with left ciliary ganglion	左鼻睫神经与左睫状神经节交通支
communicating branch of right nasociliary nerve with right ciliary ganglion	右鼻睫神经与右睫状神经节交通支
first right anterior branch of anterior interventricular branch of left coronary artery	左冠状动脉前室间支第1右前支
left lobe branch of left hepatic artery	肝左动脉左叶支
right anterior branch of anterior interventricular branch of left coronary artery	左冠状动脉前室间支右前支
right lobe branch of right hepatic artery	肝右动脉右叶支
second right anterior branch of anterior interventricular branch of left coronary artery	左冠状动脉前室间支第2右前支
subdivision of left lobe branch of left hepatic artery	肝左动脉左叶支分部
subdivision of right lobe branch of right hepatic artery	肝右动脉右叶支分部
third right anterior branch of anterior interventricular branch of left coronary artery	左冠状动脉前室间支第3右前支
left portal vein	门静脉左支
right portal vein	门静脉右支
