abdomen	腹部
abdomen proper	腹部本部
abdominal aorta	腹主动脉
abdominal part of pectoralis major	胸大肌腹部
abdominal segment of trunk	躯干腹段
abductor digiti minimi of foot	小趾展肌
abductor digiti minimi of hand	小指展肌
abductor hallucis	踇展肌
abductor pollicis brevis	拇短展肌
abductor pollicis longus	拇长展肌
accessory hemiazygos vein	副半奇静脉
accessory subsuperior branch of posterior basal segmental artery	后底段动脉副亚上支
acromial branch of thoraco-acromial artery	胸肩峰动脉肩峰支
acromial part of deltoid	三角肌肩峰部
adductor brevis	短收肌
adductor longus	长收肌
adductor magnus	大收肌
adductor minimus	小收肌
adrenal gland	肾上腺
alimentary system	消化系统
amygdala	杏仁体
anal part of perineum	会阴肛区
anastomosis	吻合
anatomical boundary entity	解剖边界实体
anatomical cavity	解剖腔
anatomical cluster	解剖簇
anatomical compartment space	解剖间隔腔隙
anatomical conduit space	解剖管道腔隙
anatomical entity	解剖实体
anatomical junction	解剖连接
anatomical line	解剖线
anatomical lobe	解剖叶
anatomical set	解剖集合
anatomical space	解剖间隙
anatomical structure	解剖结构
anconeus	肘肌
angular gyrus	角回
anterior abdominal wall	腹前壁
anterior basal bronchopulmonary segment	前底段
anterior basal segmental artery	前底段动脉
anterior basal segmental bronchial tree	前底段支气管树
anterior basal segmental vein	前底段静脉
anterior branch of anterior interventricular branch of coronary artery	冠状动脉前室间支前支
anterior branch of anterior segmental artery	前段动脉前支
anterior branch of lateral segmental artery	外侧段动脉前支
anterior branch of portal vein	门静脉前支
anterior bronchopulmonary segment	前段
anterior cardiac vein	心前静脉
anterior cardiac venous tree	心前静脉树
anterior cecal artery	盲肠前动脉
anterior cerebral artery	大脑前动脉
anterior chamber of eyeball	眼球前房
anterior chest	前胸
anterior chest wall	前胸壁
anterior choroidal artery	脉络丛前动脉
anterior circumflex humeral artery	旋肱前动脉
anterior circumflex humeral vein	旋肱前静脉
anterior commissure	前连合
anterior communicating artery	前交通动脉
anterior cusp of aortic valve	主动脉瓣前半月瓣
anterior cusp of pulmonary valve	肺动脉瓣前半月瓣
anterior division of renal artery	肾动脉前干
anterior ethmoidal nerve	筛前神经
anterior inferior cerebellar artery	小脑下前动脉
anterior inferior pancreaticoduodenal artery	胰十二指肠下前动脉
anterior inferior segmental branch of portal vein	门静脉前下段支
anterior inferior segmental hepatic artery	肝前下段动脉
anterior inferior segmental tributary of middle hepatic vein	肝中静脉前下段属支
anterior inferior tributary of hepatic biliary tree	肝胆管树前下属支
anterior interosseous artery	骨间前动脉
anterior interventricular branch of coronary artery	冠状动脉前室间支
anterior interventricular vein	前室间静脉
anterior leaflet of mitral valve	二尖瓣前尖
anterior leaflet of tricuspid valve	三尖瓣前尖
anterior mediastinum	前纵隔
anterior papillary muscle of ventricle	心室前乳头肌
anterior parietal artery	顶前动脉
anterior part of apical segmental artery	尖段动脉前部
anterior part of apical segmental vein	尖段静脉前部
anterior part of knee	膝前部
anterior part of lateral segmental vein	外侧段静脉前部
anterior part of superior temporal gyrus	颞上回前部
anterior sector of liver	肝前区
anterior segmental artery	前段动脉
anterior segmental bronchial tree	前段支气管树
anterior segmental hepatic artery	肝前段动脉
anterior segmental vein	前段静脉
anterior spinal artery	脊髓前动脉
anterior suboccipital muscle	枕下前群肌
anterior superficial chest wall	前胸壁浅层
anterior superior pancreaticoduodenal artery	胰十二指肠上前动脉
anterior superior segmental branch of portal vein	门静脉前上段支
anterior superior segmental hepatic artery	肝前上段动脉
anterior superior segmental tributary of hepatic vein	肝静脉前上段属支
anterior superior tributary of hepatic biliary tree	肝胆管树前上属支
anterior temporal artery	颞前动脉
anterior temporal branch of lateral occipital artery	枕外侧动脉颞前支
anterior thoracic wall	胸前壁
anterior tibial artery	胫前动脉
anterior tibial recurrent artery	胫前返动脉
anterior tibial vein	胫前静脉
anterior tributary of hepatic biliary tree	肝胆管树前属支
anterior ulnar recurrent artery	尺侧返动脉前支
anterior ventricular branch of coronary artery	冠状动脉心室前支
anterior wall of ventricle	心室前壁
antero-medial basal segmental artery	前内侧底段动脉
anterolateral central branch of middle cerebral artery	大脑中动脉前外侧中央支
anterolateral head of lateral papillary muscle of ventricle	心室外侧乳头肌前外侧头
aorta	主动脉
aortic valve	主动脉瓣
apical bronchopulmonary segment	尖段
apical part of apical segmental artery	尖段动脉尖部
apical part of apical segmental vein	尖段静脉尖部
apical part of posterior segmental artery	后段动脉尖部
apical segmental artery	尖段动脉
apical segmental bronchial tree	尖段支气管树
apical segmental vein	尖段静脉
apicoposterior bronchopulmonary segment	尖后段
apicoposterior division of upper lobar artery	上叶动脉尖后支
apicoposterior segmental vein	尖后段静脉
appendicular artery	阑尾动脉
appendix	阑尾
arch of aorta	主动脉弓
archicortex	古皮质
arcuate artery	弓状动脉
arm	臂
arteria princeps pollicis	拇主要动脉
arteria radialis indicis	示指桡侧动脉
arterial anastomosis	动脉吻合
arterial trunk	动脉干
artery	动脉
artery of central sulcus	中央沟动脉
artery of postcentral sulcus	中央后沟动脉
artery of precentral sulcus	中央前沟动脉
articular disk of symphysis	耻骨间盘
aryepiglotticus	杓会厌肌
arytenoid cartilage	杓状软骨
ascending aorta	升主动脉
ascending branch of colic artery	结肠动脉升支
ascending branch of inferior branch of ileocolic artery	回结肠动脉下支升支
ascending colon	升结肠
ascending lumbar vein	腰升静脉
ascending part of trapezius	斜方肌升部
atlas	寰椎
atrium	心房
atypical rib	非典型肋
autonomic ganglion	自主神经节
axial skeletal system	中轴骨骼系统
axial skeleton	中轴骨
axillary artery	腋动脉
axillary vein	腋静脉
axis	枢椎
azygos vein	奇静脉
back of abdomen	腹背部
back of neck	项部
back of thorax	胸背部
basal branch of anterior basal segmental artery	前底段动脉底支
basal ganglion of telencephalon	端脑基底核
basal segmental artery	底段动脉
basal segmental bronchial tree	底段支气管树
basicranial part of head proper	头颅底部
basicranium	颅底
basilar artery	基底动脉
basilic vein	贵要静脉
big toe	踇趾
bile duct	胆管
biliary tree	胆道树
body cavity content	体腔内容物
body compartment	体部间隔
body of organ	器官体部
body of sternum	胸骨体
body proper	身体本部
body wall	体壁
bone organ	骨器官
bony part of nasal septum	鼻中隔骨部
bony pectoral girdle	上肢带骨
bony pelvis	骨盆
brachial artery	肱动脉
brachial vein	肱静脉
brachialis	肱肌
brachiocephalic artery	头臂干
brachiocephalic vein	头臂静脉
brachioradialis	肱桡肌
brachium of inferior colliculus	下丘臂
brachium of neuraxis	神经轴臂
brachium of superior colliculus	上丘臂
brain	脑
brainstem	脑干
branch of anterior cerebral artery	大脑前动脉分支
branch of anterior choroidal artery	脉络丛前动脉分支
branch of anterior choroidal artery to posterior limb of internal capsule	脉络丛前动脉内囊后肢支
branch of anterior interventricular branch of coronary artery	冠状动脉前室间支分支
branch of arterial anastomosis	动脉吻合支
branch of basilar artery	基底动脉分支
branch of brachial artery	肱动脉分支
branch of callosomarginal artery	胼缘动脉分支
branch of cerebral arterial circle	大脑动脉环分支
branch of ciliary ganglion	睫状神经节分支
branch of common interosseous artery	骨间总动脉分支
branch of coronary artery	冠状动脉分支
branch of cranial nerve	脑神经分支
branch of deep brachial artery	肱深动脉分支
branch of deep palmar arterial arch	掌深弓分支
branch of first common palmar digital artery	第1指掌侧总动脉分支
branch of frontal nerve	额神经分支
branch of ileocolic artery	回结肠动脉分支
branch of inferior branch of ileocolic artery	回结肠动脉下支分支
branch of lateral circumflex femoral artery	旋股外侧动脉分支
branch of lateral occipital artery	枕外侧动脉分支
branch of lateral plantar artery	足底外侧动脉分支
branch of medial branch of superior cerebellar artery	小脑上动脉内侧支分支
branch of medial occipital artery	枕内侧动脉分支
branch of medial plantar artery	足底内侧动脉分支
branch of middle cerebral artery	大脑中动脉分支
branch of middle cerebral artery to angular gyrus	大脑中动脉角回支
branch of nasociliary nerve	鼻睫神经分支
branch of oculomotor nerve	动眼神经分支
branch of ophthalmic nerve	眼神经分支
branch of pericallosal artery	胼周动脉分支
branch of pontine artery	脑桥动脉分支
branch of postcommunicating part of anterior cerebral artery	大脑前动脉交通后部分支
branch of posterior cerebral artery	大脑后动脉分支
branch of posterior choroidal artery	脉络丛后动脉分支
branch of posterior communicating artery	后交通动脉分支
branch of posterior tibial artery	胫后动脉分支
branch of radial artery	桡动脉分支
branch of second common palmar digital artery	第2指掌侧总动脉分支
branch of sphenoid part of middle cerebral artery	大脑中动脉蝶部分支
branch of superficial palmar arterial arch	掌浅弓分支
branch of superior cerebellar artery	小脑上动脉分支
branch of third common palmar digital artery	第3指掌侧总动脉分支
branch of trigeminal nerve	三叉神经分支
branch of ulnar artery	尺动脉分支
branch of vertebral artery	椎动脉分支
bronchial artery	支气管动脉
bronchial branch of arch of aorta	主动脉弓支气管支
bronchial tree	支气管树
bronchus	支气管
calcaneal tendon	跟腱
calcaneus	跟骨
callosomarginal artery	胼缘动脉
canine tooth	尖牙
capitate	头状骨
capsule of cerebral hemisphere	大脑半球囊
cardiac vein	心静脉
cardinal organ part	主要器官部分
cardinal segment of brain	脑主要节段
cardinal tissue part	主要组织部分
cardiovascular system	心血管系统
carpal bone	腕骨
cartilage organ	软骨器官
cartilage organ component	软骨器官组分
cartilaginous part of nasal septum	鼻中隔软骨部
cartilaginous skeleton of external nose	外鼻软骨支架
cartilaginous skeleton of nose	鼻软骨支架
caudal pancreatic artery	胰尾动脉
caudate lobe branch of hepatic artery	肝动脉尾状叶支
caudate lobe branch of portal vein	门静脉尾状叶支
caudate lobe of liver	肝尾状叶
caudate lobe tributary of hepatic biliary tree	肝胆管树尾状叶属支
caudate nucleus	尾状核
cavernous organ	海绵体器官
cavitated organ	有腔器官
cavity of atrium	心房腔
cavity of cardiac chamber	心腔
cavity of neuraxis	神经轴腔
cavity of organ part	器官部分腔
cavity of ventricle	心室腔
cecum	盲肠
celiac artery	腹腔干
celiac trunk	腹腔干
cell part cluster	细胞部分簇
cell part cluster of neuraxis	神经轴细胞部分簇
central canal of spinal cord	脊髓中央管
cephalic vein	头静脉
cerebellum	小脑
cerebral aqueduct	中脑水管
cerebral arterial circle	大脑动脉环
cerebral hemisphere	大脑半球
cerebral white matter	大脑白质
cervical rotator	颈回旋肌
cervical vertebra	颈椎
cervical vertebral column	颈段脊柱
chamber of eyeball	眼房
check ligament of lateral rectus	外直肌节制韧带
check ligament of medial rectus	内直肌节制韧带
cheek	颊
chest wall	胸壁
choroid	脉络膜
choroid plexus of cerebral hemisphere	大脑半球脉络丛
ciliary ganglion	睫状神经节
cingulate gyrus	扣带回
circumflex branch of coronary artery	冠状动脉旋支
circumflex scapular artery	旋肩胛动脉
circumflex scapular vein	旋肩胛静脉
circumventricular organ of neuraxis	室周器
clavicle	锁骨
clavicular part of deltoid	三角肌锁骨部
clavicular part of pectoralis major	胸大肌锁骨部
coccygeus	尾骨肌
colic artery	结肠动脉
colic vein	结肠静脉
commissure of diencephalon	间脑连合
commissure of fornix of forebrain	穹窿连合
commissure of neuraxis	神经轴连合
common basal vein	底段总静脉
common carotid artery	颈总动脉
common hepatic artery	肝总动脉
common hepatic duct	肝总管
common iliac artery	髂总动脉
common iliac vein	髂总静脉
common interosseous artery	骨间总动脉
common palmar digital vein	指掌侧总静脉
common tendinous ring	总腱环
communicating branch of nasociliary nerve with ciliary ganglion	鼻睫神经与睫状神经节交通支
compartment of abdomen	腹部间隔
compartment of thorax	胸部间隔
constrictor muscle of pharynx	咽缩肌
content of abdomen	腹部内容物
content of anterior mediastinum	前纵隔内容物
content of inferior mediastinum	下纵隔内容物
content of mediastinum	纵隔内容物
content of middle mediastinum	中纵隔内容物
content of posterior mediastinum	后纵隔内容物
content of superior mediastinum	上纵隔内容物
content of thorax	胸部内容物
conus artery	动脉圆锥支
conus branch of anterior interventricular branch of coronary artery	冠状动脉前室间支动脉圆锥支
conus elasticus	弹性圆锥
coracobrachialis	喙肱肌
cornea	角膜
corniculate cartilage	小角软骨
corona ciliaris	睫状冠
coronary artery	冠状动脉
coronary sinus	冠状窦
coronary sinus tree	冠状窦属支
corpus callosum	胼胝体
corpus cavernosum of penis	阴茎海绵体
corpus spongiosum of penis	尿道海绵体
cortex of cerebral hemisphere	大脑皮质
cortex of frontal lobe	额叶皮质
corticomedullary organ	皮髓质器官
costal cartilage	肋软骨
costocervical artery	肋颈干
costocervical trunk	肋颈干
cranial nerve	脑神经
cranial parasympathetic ganglion	颅部副交感神经节
cricoid cartilage	环状软骨
cricothyroid ligament	环甲韧带
cuboid bone	骰骨
cuneiform bone	楔骨
cuneiform cartilage	楔状软骨
cusp of aortic valve	主动脉瓣半月瓣
cusp of cardiac valve	心瓣膜瓣尖
cusp of pulmonary valve	肺动脉瓣半月瓣
cystic duct	胆囊管
decussation	交叉
deep brachial artery	肱深动脉
deep cervical artery	颈深动脉
deep dorsal vein of penis	阴茎背深静脉
deep extrinsic muscle of shoulder	肩部深层外在肌
deep fascial system	深筋膜系统
deep femoral artery	股深动脉
deep femoral vein	股深静脉
deep muscle of anterior compartment of forearm	前臂前群深层肌
deep muscle of posterior compartment of forearm	前臂后群深层肌
deep muscle of posterior compartment of leg	小腿后群深层肌
deep palmar arch	掌深弓
deep palmar arterial arch	掌深弓
deep palmar venous arch	掌深静脉弓
deep plantar artery	足底深支
deep postvertebral muscle	椎后深层肌
deferent duct	输精管
deltoid branch of thoraco-acromial artery	胸肩峰动脉三角肌支
descending aorta	降主动脉
descending branch of colic artery	结肠动脉降支
descending branch of lateral circumflex femoral artery	旋股外侧动脉降支
descending colon	降结肠
descending genicular artery	膝降动脉
descending part of trapezius	斜方肌降部
descending thoracic aorta	胸主动脉
diagonal branch of anterior descending branch of coronary artery	冠状动脉前降支对角支
diaphragm	膈
diencephalon	间脑
digastric	二腹肌
digital artery of foot	趾动脉
distal carpal bone	远侧列腕骨
distal part of ileum	回肠远段
distal part of jejunum	空肠远段
distal perforating artery	远侧穿动脉
distal phalanx of big toe	踇趾远节趾骨
distal phalanx of fourth toe	第4趾远节趾骨
distal phalanx of index finger	示指远节指骨
distal phalanx of little finger	小指远节指骨
distal phalanx of little toe	小趾远节趾骨
distal phalanx of middle finger	中指远节指骨
distal phalanx of ring finger	环指远节指骨
distal phalanx of second toe	第2趾远节趾骨
distal phalanx of third toe	第3趾远节趾骨
distal phalanx of thumb	拇指远节指骨
dorsal artery of penis	阴茎背动脉
dorsal carpal branch of radial artery	桡动脉腕背支
dorsal carpal branch of ulnar artery	尺动脉腕背支
dorsal digital artery of foot	趾背动脉
dorsal metacarpal vein	掌背静脉
dorsal pancreatic artery	胰背动脉
dorsal scapular artery	肩胛背动脉
dorsal venous arch of foot	足背静脉弓
dorsal venous network of hand	手背静脉网
dorsalis pedis artery	足背动脉
dorsum of nose	鼻背
duct	管
duct of caudate lobe of liver	肝尾状叶胆管
duodenum	十二指肠
eighth rib	第8肋
eighth thoracic intervertebral symphysis	第8胸椎椎间联合
eighth thoracic vertebra	第8胸椎
eleventh rib	第11肋
eleventh thoracic intervertebral symphysis	第11胸椎椎间联合
eleventh thoracic vertebra	第11胸椎
endocrine system	内分泌系统
epididymis	附睾
epiglottis	会厌
epithalamus	上丘脑
esophageal artery	食管动脉
esophagus	食管
ethmoid	筛骨
extensor carpi radialis brevis	桡侧腕短伸肌
extensor carpi radialis longus	桡侧腕长伸肌
extensor carpi ulnaris	尺侧腕伸肌
extensor digiti minimi	小指伸肌
extensor digitorum	指伸肌
extensor digitorum longus	趾长伸肌
extensor hallucis brevis	踇短伸肌
extensor hallucis longus	踇长伸肌
extensor indicis	示指伸肌
extensor pollicis brevis	拇短伸肌
extensor pollicis longus	拇长伸肌
external anal sphincter	肛门外括约肌
external ear	外耳
external iliac artery	髂外动脉
external iliac vein	髂外静脉
external intercostal muscle	肋间外肌
external nose	外鼻
external oblique	腹外斜肌
extra-ocular muscle	眼外肌
extrahepatic bile duct	肝外胆管
extrinsic ligament of larynx	喉外韧带
extrinsic muscle of shoulder	肩部外在肌
extrinsic muscle of tongue	舌外肌
eye	眼
eyeball	眼球
eyebrow	眉
face	面部
false rib	假肋
fascia lata of thigh	大腿阔筋膜
faucial part of mouth	口咽峡部
femoral artery	股动脉
femoral vein	股静脉
femur	股骨
fibrous layer of eyeball	眼球纤维膜
fibrous ring of mitral valve	二尖瓣纤维环
fibrous skeleton of heart	心纤维骨架
fibula	腓骨
fibular vein	腓静脉
fibularis brevis	腓骨短肌
fibularis longus	腓骨长肌
fibularis tertius	第三腓骨肌
fifth cervical intervertebral symphysis	第5颈椎椎间联合
fifth cervical vertebra	第5颈椎
fifth costal cartilage	第5肋软骨
fifth lumbar intervertebral symphysis	第5腰椎椎间联合
fifth lumbar vertebra	第5腰椎
fifth metacarpal bone	第5掌骨
fifth metatarsal bone	第5跖骨
fifth rib	第5肋
fifth thoracic intervertebral symphysis	第5胸椎椎间联合
fifth thoracic vertebra	第5胸椎
first anterior ventricular branch of coronary artery	冠状动脉第1心室前支
first common palmar digital artery	第1指掌侧总动脉
first costal cartilage	第1肋软骨
first lumbar intervertebral symphysis	第1腰椎椎间联合
first lumbar vertebra	第1腰椎
first lumbrical of foot	足第1蚓状肌
first metacarpal bone	第1掌骨
first metatarsal bone	第1跖骨
first plantar interosseous of foot	第1骨间足底肌
first posterior intercostal artery	第1肋间后动脉
first posterior ventricular branch of coronary artery	冠状动脉第1心室后支
first rib	第1肋
first septal branch of posterior interventricular artery	后室间动脉第1室间隔支
first thoracic intervertebral symphysis	第1胸椎椎间联合
first thoracic vertebra	第1胸椎
flat bone	扁骨
flexor accessorius	足底方肌
flexor carpi radialis	桡侧腕屈肌
flexor digiti minimi brevis of foot	小趾短屈肌
flexor digiti minimi brevis of hand	小指短屈肌
flexor digitorum brevis	趾短屈肌
flexor digitorum longus	趾长屈肌
flexor digitorum profundus	指深屈肌
flexor digitorum superficialis	指浅屈肌
flexor hallucis longus	踇长屈肌
flexor pollicis brevis	拇短屈肌
flexor pollicis longus	拇长屈肌
flexor retinaculum of wrist	腕屈肌支持带
floating rib	浮肋
foot	足
foot proper	足本部
forearm	前臂
forebrain	前脑
fornix of forebrain	穹窿
fornix of neuraxis	神经轴穹窿
fourth cervical intervertebral symphysis	第4颈椎椎间联合
fourth cervical vertebra	第4颈椎
fourth common palmar digital artery	第4指掌侧总动脉
fourth costal cartilage	第4肋软骨
fourth lumbar intervertebral symphysis	第4腰椎椎间联合
fourth lumbar vertebra	第4腰椎
fourth lumbrical of foot	足第4蚓状肌
fourth metacarpal bone	第4掌骨
fourth metatarsal bone	第4跖骨
fourth rib	第4肋
fourth thoracic intervertebral symphysis	第4胸椎椎间联合
fourth thoracic vertebra	第4胸椎
fourth toe	第4趾
fourth ventricle	第四脑室
free lower limb	自由下肢
free upper limb	自由上肢
free wall of ventricle	心室游离壁
frontal bone	额骨
frontal lobe	额叶
frontal nerve	额神经
frontal part of head	头额部
fusiform gyrus	梭状回
gallbladder	胆囊
ganglion	神经节
gastric artery	胃动脉
gastric vein	胃静脉
gastro-epiploic artery	胃网膜动脉
gastroduodenal artery	胃十二指肠动脉
gastroepiploic vein	胃网膜静脉
gastrointestinal tract	胃肠道
gemellus	孖肌
gemellus inferior	下孖肌
gemellus superior	上孖肌
genicular vein	膝静脉
genioglossus	颏舌肌
geniohyoid	颏舌骨肌
genital system	生殖系统
gingiva	牙龈
gingiva of lower jaw	下颌牙龈
gingiva of upper jaw	上颌牙龈
glans penis	阴茎头
globus pallidus	苍白球
gluteal muscle	臀肌
gluteus maximus	臀大肌
gluteus medius	臀中肌
gluteus minimus	臀小肌
gracilis	股薄肌
gray matter of diencephalon	间脑灰质
gray matter of hypothalamus	下丘脑灰质
gray matter of neuraxis	神经轴灰质
great cardiac vein	心大静脉
great pancreatic artery	胰大动脉
great saphenous vein	大隐静脉
gyrus of neuraxis	脑回
habenula	缰
hair	毛发
hair of head	头发
hair of trunk	躯干毛
hamate	钩骨
hand	手
hand proper	手本部
head	头
head of adductor hallucis	踇收肌头
head of biceps femoris	股二头肌头
head of flexor hallucis brevis	踇短屈肌头
head of gastrocnemius	腓肠肌头
head of muscle organ	肌头
head of organ	器官头部
head proper	头本部
heart	心
hemiazygos vein	半奇静脉
hemiliver	半肝
hepatic artery	肝动脉
hepatic artery proper	肝固有动脉
hepatic biliary tree	肝胆管树
hepatic duct	肝管
hepatic portal vein	肝门静脉
hepatic vein	肝静脉
hepatovenous segment ii	肝静脉段 II
hepatovenous segment iii	肝静脉段 III
hepatovenous segment iv	肝静脉段 IV
hepatovenous segment ix	肝静脉段 IX
hepatovenous segment v	肝静脉段 V
hepatovenous segment vi	肝静脉段 VI
hepatovenous segment vii	肝静脉段 VII
hepatovenous segment viii	肝静脉段 VIII
hepatovenous subsector	肝静脉亚区
heterogeneous cluster	异质簇
hindbrain	后脑
hip	髋部
hip bone	髋骨
hippocampal formation	海马结构
hippocampus	海马
hollow tree organ	中空树状器官
human body	人体
humeral head of flexor carpi ulnaris	尺侧腕屈肌肱头
humeral head of pronator teres	旋前圆肌肱头
humerus	肱骨
hyo-epiglottic ligament	舌骨会厌韧带
hyoglossus	舌骨舌肌
hyoid bone	舌骨
hypothalamic branch of posterior communicating artery	后交通动脉下丘脑支
hypothalamus	下丘脑
hypothenar muscle	小鱼际肌
ileal artery	回肠动脉
ileal branch of inferior branch of ileocolic artery	回结肠动脉下支回肠支
ileal vein	回肠静脉
ileocecal junction	回盲连接
ileocolic artery	回结肠动脉
ileocolic vein	回结肠静脉
ileum	回肠
iliacus	髂肌
iliococcygeus	髂尾肌
iliocostalis	髂肋肌
iliocostalis cervicis	颈髂肋肌
iliocostalis lumborum	腰髂肋肌
iliocostalis thoracis	胸髂肋肌
iliolumbar vein	髂腰静脉
iliotibial tract	髂胫束
immaterial anatomical entity	非物质解剖实体
incisor tooth	切牙
index finger	示指
inferior basal vein	底段下静脉
inferior branch of ileocolic artery	回结肠动脉下支
inferior branch of medial segmental artery	内侧段动脉下支
inferior branch of oculomotor nerve	动眼神经下支
inferior colliculus	下丘
inferior division of upper lobe part of bronchial tree	上叶支气管树下支
inferior epigastric artery	腹壁下动脉
inferior epigastric vein	腹壁下静脉
inferior frontal gyrus	额下回
inferior genicular artery	膝下动脉
inferior gluteal vein	臀下静脉
inferior lateral genicular artery	膝下外侧动脉
inferior lingular artery	舌段下动脉
inferior lingular bronchial tree	下舌段支气管树
inferior lingular bronchopulmonary segment	下舌段
inferior lingular vein	下舌段静脉
inferior medial genicular artery	膝下内侧动脉
inferior mediastinum	下纵隔
inferior mesenteric artery	肠系膜下动脉
inferior mesenteric vein	肠系膜下静脉
inferior nasal concha	下鼻甲
inferior oblique	下斜肌
inferior oblique part of longus colli	颈长肌下斜部
inferior pancreatic artery	胰下动脉
inferior pancreaticoduodenal artery	胰十二指肠下动脉
inferior part of anterior segmental vein	前段静脉下部
inferior part of medial segmental vein	内侧段静脉下部
inferior pharyngeal constrictor	咽下缩肌
inferior phrenic artery	膈下动脉
inferior phrenic vein	膈下静脉
inferior pulmonary vein	肺下静脉
inferior rectus	下直肌
inferior segmental branch of renal artery	肾动脉下段支
inferior segmental renal artery	肾下段动脉
inferior suprarenal artery	肾上腺下动脉
inferior systemic venous tree	下体循环静脉树
inferior temporal gyrus	颞下回
inferior terminal branch of middle cerebral artery	大脑中动脉下终支
inferior thyroid artery	甲状腺下动脉
inferior ulnar collateral artery	尺侧下副动脉
inferior vena cava	下腔静脉
inferior wall of ventricle	心室下壁
inferomedial branch of pulmonary artery	肺动脉下内侧支
inferomedial part of bronchial tree	支气管树下内侧部
inflow part of ventricle	心室流入道
infrahyoid muscle	舌骨下肌
infraspinatus	冈下肌
infraspinatus muscle	冈下肌
infratrochlear nerve	滑车下神经
innermost intercostal muscle	肋间最内肌
insula	岛叶
insular part of middle cerebral artery	大脑中动脉岛部
integument	皮肤
integumentary system	皮肤系统
intercostal muscle	肋间肌
intermediate cuneiform bone	中间楔骨
intermediate hypothalamic region	下丘脑中间区
intermediate postvertebral muscle	椎后中层肌
intermediate tendon	中间腱
intermediomedial branch of callosomarginal artery	胼缘动脉中内侧支
internal capsule	内囊
internal carotid artery	颈内动脉
internal gray matter component	内部灰质成分
internal iliac artery	髂内动脉
internal iliac vein	髂内静脉
internal intercostal muscle	肋间内肌
internal jugular vein	颈内静脉
internal nose	内鼻
internal pudendal vein	阴部内静脉
internal thoracic artery	胸廓内动脉
internal thoracic vein	胸廓内静脉
interosseous membrane	骨间膜
interosseous membrane of forearm	前臂骨间膜
interosseous membrane of leg	小腿骨间膜
interosseous of foot	足骨间肌
interpeduncular fossa	脚间窝
interspinalis muscle	棘间肌
interspinalis thoracis	胸棘间肌
intertransversarius muscle	横突间肌
interventricular foramen	室间孔
intervertebral disk	椎间盘
intervertebral disk of axis	枢椎椎间盘
intervertebral disk of cervical vertebra	颈椎间盘
intervertebral disk of eighth thoracic vertebra	第8胸椎椎间盘
intervertebral disk of eleventh thoracic vertebra	第11胸椎椎间盘
intervertebral disk of fifth cervical vertebra	第5颈椎椎间盘
intervertebral disk of fifth lumbar vertebra	第5腰椎椎间盘
intervertebral disk of fifth thoracic vertebra	第5胸椎椎间盘
intervertebral disk of first lumbar vertebra	第1腰椎椎间盘
intervertebral disk of first thoracic vertebra	第1胸椎椎间盘
intervertebral disk of fourth cervical vertebra	第4颈椎椎间盘
intervertebral disk of fourth lumbar vertebra	第4腰椎椎间盘
intervertebral disk of fourth thoracic vertebra	第4胸椎椎间盘
intervertebral disk of lumbar vertebra	腰椎间盘
intervertebral disk of ninth thoracic vertebra	第9胸椎椎间盘
intervertebral disk of second lumbar vertebra	第2腰椎椎间盘
intervertebral disk of second thoracic vertebra	第2胸椎椎间盘
intervertebral disk of seventh cervical vertebra	第7颈椎椎间盘
intervertebral disk of seventh thoracic vertebra	第7胸椎椎间盘
intervertebral disk of sixth cervical vertebra	第6颈椎椎间盘
intervertebral disk of sixth thoracic vertebra	第6胸椎椎间盘
intervertebral disk of tenth thoracic vertebra	第10胸椎椎间盘
intervertebral disk of third cervical vertebra	第3颈椎椎间盘
intervertebral disk of third lumbar vertebra	第3腰椎椎间盘
intervertebral disk of third thoracic vertebra	第3胸椎椎间盘
intervertebral disk of thoracic vertebra	胸椎间盘
intervertebral symphysis	椎间联合
intervertebral symphysis of axis	枢椎椎间联合
intracranial branch of vertebral artery	椎动脉颅内支
intrahepatic biliary tree	肝内胆管树
intrapulmonary part of inferior pulmonary vein	肺下静脉肺内部
intrapulmonary part of pulmonary artery	肺动脉肺内部
intrapulmonary part of superior pulmonary vein	肺上静脉肺内部
intrinsic ligament of larynx	喉内韧带
intrinsic muscle of dorsum of foot	足背肌
intrinsic muscle of foot	足固有肌
intrinsic muscle of hand	手固有肌
intrinsic muscle of larynx	喉内肌
intrinsic muscle of plantar part of foot	足底肌
intrinsic muscle of shoulder	肩部固有肌
investing fascia of forearm	前臂深筋膜
investing fascia of free lower limb	自由下肢深筋膜
investing fascia of free upper limb	自由上肢深筋膜
investing fascia of lower limb	下肢深筋膜
investing fascia of thigh	大腿深筋膜
investing fascia of upper limb	上肢深筋膜
investing fascia of wrist	腕部深筋膜
iris	虹膜
irregular bone	不规则骨
irregular connective tissue	不规则结缔组织
jejunum	空肠
kidney	肾
knee	膝
lacrimal apparatus	泪器
lacrimal bone	泪骨
lacrimal canaliculus	泪小管
lacrimal duct	泪道
lacrimal gland	泪腺
lacrimal lake	泪湖
lacrimal nerve	泪腺神经
lacrimal sac	泪囊
lamina of cerebral hemisphere	大脑半球板
lamina of neuraxis	神经轴板
lamina terminalis	终板
large intestine	大肠
laryngeal cartilage	喉软骨
lateral basal bronchopulmonary segment	外侧底段
lateral basal segmental artery	外侧底段动脉
lateral basal segmental bronchial tree	外侧底段支气管树
lateral basal segmental vein	外侧底段静脉
lateral branch of anterior basal segmental artery	前底段动脉外侧支
lateral branch of lateral basal segmental artery	外侧底段动脉外侧支
lateral branch of pontine artery	脑桥动脉外侧支
lateral branch of portal vein	门静脉外侧支
lateral branch of superior cerebellar artery	小脑上动脉外侧支
lateral branch of superior segmental artery	上段动脉外侧支
lateral bronchopulmonary segment	外侧段
lateral chest wall	胸外侧壁
lateral circumflex femoral artery	旋股外侧动脉
lateral circumflex femoral vein	旋股外侧静脉
lateral crico-arytenoid	环杓侧肌
lateral cuneiform bone	外侧楔骨
lateral frontobasal artery	额底外侧动脉
lateral geniculate body	外侧膝状体
lateral head of flexor hallucis brevis	踇短屈肌外侧头
lateral head of gastrocnemius	腓肠肌外侧头
lateral head of triceps brachii	肱三头肌外侧头
lateral inferior segmental branch of portal vein	门静脉外下段支
lateral inferior segmental hepatic artery	肝外下段动脉
lateral inferior segmental tributary of hepatic vein	肝静脉外下段属支
lateral inferior tributary of hepatic biliary tree	肝胆管树外下属支
lateral lumbar intertransversarius	腰横突间外侧肌
lateral nasal cartilage	鼻外侧软骨
lateral occipital artery	枕外侧动脉
lateral papillary muscle of ventricle	心室外侧乳头肌
lateral plantar artery	足底外侧动脉
lateral proper palmar digital artery of little finger	小指外侧指掌侧固有动脉
lateral proper palmar digital artery of middle finger	中指外侧指掌侧固有动脉
lateral proper palmar digital artery of ring finger	环指外侧指掌侧固有动脉
lateral rectus	外直肌
lateral sacral vein	骶外侧静脉
lateral segmental artery	外侧段动脉
lateral segmental bronchial tree	外侧段支气管树
lateral segmental hepatic artery	肝外侧段动脉
lateral segmental vein	外侧段静脉
lateral superficial chest wall	胸外侧壁浅层
lateral superior cerebellar artery	小脑上外侧动脉
lateral superior genicular artery	膝上外侧动脉
lateral superior segmental branch of portal vein	门静脉外上段支
lateral superior segmental hepatic artery	肝外上段动脉
lateral superior segmental tributary of hepatic vein	肝静脉外上段属支
lateral superior tributary of hepatic biliary tree	肝胆管树外上属支
lateral tarsal artery	跗外侧动脉
lateral thoracic artery	胸外侧动脉
lateral thoracic vein	胸外侧静脉
lateral thyrohyoid ligament	甲状舌骨外侧韧带
lateral tributary of hepatic biliary tree	肝胆管树外侧属支
lateral ventricle	侧脑室
lateral wall of internal nose	鼻腔外侧壁
lateral wall of ventricle	心室侧壁
laterobasal branch of posterior basal segmental artery	后底段动脉外底支
layer of wall of eyeball	眼球壁层
leaf of cardiac valve	心瓣膜瓣叶
leaflet of mitral valve	二尖瓣瓣叶
leaflet of tricuspid valve	三尖瓣瓣叶
leg	小腿
lens	晶状体
levator palpebrae superioris	上睑提肌
levator scapulae	肩胛提肌
levator veli palatini	腭帆提肌
ligament of larynx	喉韧带
ligament of limb	四肢韧带
ligament of lower limb	下肢韧带
ligament organ	韧带器官
ligament organ component	韧带器官组分
limbic lobe	边缘叶
linea alba	白线
lingular vein	舌段静脉
lip	唇
little finger	小指
little toe	小趾
liver	肝
lobar artery	肺叶动脉
lobe of cerebral hemisphere	大脑半球叶
lobe of liver	肝*叶
lobe of thymus	胸腺*叶
lobular organ	分叶器官
lobular organ component	分叶器官组分
lobular segment	叶段
lobule of cerebral hemisphere	大脑半球小叶
long bone	长骨
long ciliary nerve	睫状长神经
long head of biceps brachii	肱二头肌长头
long head of biceps femoris	股二头肌长头
long head of triceps brachii	肱三头肌长头
long plantar ligament	足底长韧带
longissimus	最长肌
longissimus capitis	头最长肌
longissimus cervicis	颈最长肌
longissimus thoracis	胸最长肌
longus capitis	头长肌
loose connective tissue	疏松结缔组织
lower central secondary incisor tooth	下颌恒中切牙
lower eyelid	下睑
lower first secondary molar tooth	下颌第一恒磨牙
lower first secondary premolar tooth	下颌第一恒前磨牙
lower gastrointestinal tract	下消化道
lower jaw	下颌
lower lateral secondary incisor tooth	下颌恒侧切牙
lower limb	下肢
lower lobar artery	下叶动脉
lower lobe of lung	肺下叶
lower lobe part of bronchial tree	下叶支气管树
lower respiratory tract	下呼吸道
lower second secondary molar tooth	下颌第二恒磨牙
lower second secondary premolar tooth	下颌第二恒前磨牙
lower secondary canine tooth	下颌恒尖牙
lower secondary incisor tooth	下颌恒切牙
lower secondary molar tooth	下颌恒磨牙
lower secondary premolar tooth	下颌恒前磨牙
lower urinary tract	下尿路
lumbar artery	腰动脉
lumbar intertransversarius	腰横突间肌
lumbar rotator	腰回旋肌
lumbar vein	腰静脉
lumbar vertebra	腰椎
lumbar vertebral column	腰段脊柱
lumbrical of foot	足蚓状肌
lunate	月骨
lung	肺
main bronchus	主支气管
main bronchus proper	主支气管本部
major alar cartilage	鼻翼大软骨
major salivary gland	大唾液腺
mammillary body	乳头体
mandible	下颌骨
mandibular part of mouth	口腔下颌部
manubrium	胸骨柄
marginal artery of colon	结肠边缘动脉
marginal branch of coronary artery	冠状动脉缘支
marginal colic artery	结肠边缘动脉
marginal vein	心缘静脉
material anatomical entity	物质解剖实体
maxilla	上颌骨
maxillary part of mouth	口腔上颌部
medial basal bronchopulmonary segment	内侧底段
medial basal segmental artery	内侧底段动脉
medial basal segmental bronchial tree	内侧底段支气管树
medial basal segmental vein	内侧底段静脉
medial brachial vein	肱内侧静脉
medial branch of pontine artery	脑桥动脉内侧支
medial branch of portal vein	门静脉内侧支
medial branch of superior cerebellar artery	小脑上动脉内侧支
medial branch of superior segmental artery	上段动脉内侧支
medial bronchopulmonary segment	内侧段
medial circumflex femoral vein	旋股内侧静脉
medial collateral artery	中副动脉
medial cuneiform bone	内侧楔骨
medial frontobasal artery	额底内侧动脉
medial geniculate body	内侧膝状体
medial head of flexor hallucis brevis	踇短屈肌内侧头
medial head of gastrocnemius	腓肠肌内侧头
medial head of triceps brachii	肱三头肌内侧头
medial inferior segmental branch of portal vein	门静脉内下段支
medial inferior segmental hepatic artery	肝内下段动脉
medial inferior segmental tributary of middle hepatic vein	肝中静脉内下段属支
medial inferior tributary of hepatic biliary tree	肝胆管树内下属支
medial lumbar intertransversarius	腰横突间内侧肌
medial occipital artery	枕内侧动脉
medial plantar artery	足底内侧动脉
medial proper palmar digital artery of index finger	示指内侧指掌侧固有动脉
medial proper palmar digital artery of middle finger	中指内侧指掌侧固有动脉
medial proper palmar digital artery of ring finger	环指内侧指掌侧固有动脉
medial rectus	内直肌
medial segmental artery	内侧段动脉
medial segmental bronchial tree	内侧段支气管树
medial segmental hepatic artery	肝内侧段动脉
medial segmental vein	内侧段静脉
medial superior genicular artery	膝上内侧动脉
medial superior segmental branch of portal vein	门静脉内上段支
medial superior segmental hepatic artery	肝内上段动脉
medial superior segmental tributary of hepatic vein	肝静脉内上段属支
medial superior tributary of hepatic biliary tree	肝胆管树内上属支
medial tributary of hepatic biliary tree	肝胆管树内侧属支
median antebrachial vein	前臂正中静脉
median cricothyroid ligament	环甲正中韧带
median cubital vein	肘正中静脉
median sacral vein	骶正中静脉
median thyrohyoid ligament	甲状舌骨正中韧带
mediastinum	纵隔
mediobasal branch of posterior basal segmental artery	后底段动脉内底支
medulla oblongata	延髓
membrane organ	膜器官
membrane organ component	膜器官组分
membranous layer	膜层
mesentery of large intestine	大肠系膜
mesentery of small intestine	小肠系膜
mesoappendix	阑尾系膜
metacarpal bone	掌骨
metatarsal bone	跖骨
metencephalon	后脑
midbrain	中脑
midbrain tectum	中脑顶盖
middle cardiac vein	心中静脉
middle cerebral artery	大脑中动脉
middle colic artery	结肠中动脉
middle colic vein	结肠中静脉
middle collateral branch of deep brachial artery	肱深动脉中副支
middle finger	中指
middle frontal gyrus	额中回
middle genicular artery	膝中动脉
middle hepatic vein	肝中静脉
middle lobar artery	中叶动脉
middle lobar vein	中叶静脉
middle lobe of lung	肺中叶
middle lobe part of bronchial tree	中叶支气管树
middle mediastinum	中纵隔
middle part of ileum	回肠中段
middle part of jejunum	空肠中段
middle phalanx of fourth toe	第4趾中节趾骨
middle phalanx of index finger	示指中节指骨
middle phalanx of little finger	小指中节指骨
middle phalanx of little toe	小趾中节趾骨
middle phalanx of middle finger	中指中节指骨
middle phalanx of ring finger	环指中节指骨
middle phalanx of second toe	第2趾中节趾骨
middle phalanx of third toe	第3趾中节趾骨
middle pharyngeal constrictor	咽中缩肌
middle suprarenal artery	肾上腺中动脉
middle temporal branch of lateral occipital artery	枕外侧动脉颞中支
middle temporal branch of middle cerebral artery	大脑中动脉颞中支
middle temporal gyrus	颞中回
mitral valve	二尖瓣
molar tooth	磨牙
mons pubis	阴阜
mouth	口
mucoid tissue	黏液组织
muscle layer of large intestine	大肠肌层
muscle of abdomen	腹肌
muscle of anterior abdominal wall	腹前壁肌
muscle of anterior compartment of arm	臂前群肌
muscle of anterior compartment of forearm	前臂前群肌
muscle of anterior compartment of leg	小腿前群肌
muscle of anterior compartment of thigh	大腿前群肌
muscle of arm	臂肌
muscle of face	面肌
muscle of foot	足肌
muscle of forearm	前臂肌
muscle of free lower limb	自由下肢肌
muscle of free upper limb	自由上肢肌
muscle of hand	手肌
muscle of head	头肌
muscle of larynx	喉肌
muscle of lateral compartment of leg	小腿外侧群肌
muscle of leg	小腿肌
muscle of lower limb	下肢肌
muscle of medial compartment of thigh	大腿内侧群肌
muscle of neck	颈肌
muscle of palate	腭肌
muscle of pectoral girdle	肩带肌
muscle of pelvic girdle	盆带肌
muscle of pelvis	盆肌
muscle of pharynx	咽肌
muscle of posterior compartment of arm	臂后群肌
muscle of posterior compartment of forearm	前臂后群肌
muscle of posterior compartment of leg	小腿后群肌
muscle of posterior compartment of thigh	大腿后群肌
muscle of shoulder	肩肌
muscle of thigh	大腿肌
muscle of thorax	胸肌
muscle of tongue	舌肌
muscle of trunk	躯干肌
muscle of upper limb	上肢肌
muscle of vertebral column	脊柱肌
muscle organ	肌器官
musculature	肌系统
musculature of abdomen	腹部肌群
musculature of anterior abdominal wall	腹前壁肌群
musculature of chest	胸部肌群
musculature of subdivision of free upper limb	自由上肢分部肌群
musculature of subdivision of trunk	躯干分部肌群
musculature of subdivision of upper limb	上肢分部肌群
musculophrenic artery	肌膈动脉
musculophrenic vein	肌膈静脉
musculoskeletal system	肌肉骨骼系统
mylohyoid	下颌舌骨肌
myocardial zone 11	心肌区 11
myocardial zone 12	心肌区 12
myocardial zone 4	心肌区 4
myocardium of free wall of ventricle	心室游离壁心肌
myocardium of inferior wall of ventricle	心室下壁心肌
myocardium of lateral wall of ventricle	心室侧壁心肌
myocardium of ventricle	心室心肌
myocardium of ventricle proper	心室本部心肌
nasal bone	鼻骨
nasal cartilage	鼻软骨
nasal septum	鼻中隔
nasal skeleton	鼻骨架
nasociliary nerve	鼻睫神经
nasolacrimal duct	鼻泪管
navicular bone of foot	足舟骨
neck	颈
nerve	神经
nerve trunk	神经干
nervous system	神经系统
neural tree organ	神经树器官
neuraxis	神经轴
neurocranium	脑颅
ninth rib	第9肋
ninth thoracic intervertebral symphysis	第9胸椎椎间联合
ninth thoracic vertebra	第9胸椎
nonparenchymatous organ	非实质性器官
nonskeletal ligament	非骨骼韧带
nose	鼻
nuclear complex of neuraxis	神经轴核团复合体
nucleus of brain	脑核团
nucleus of neuraxis	神经轴核团
nucleus of thalamus	丘脑核团
oblique arytenoid	杓斜肌
oblique head of adductor hallucis	踇收肌斜头
oblique head of adductor pollicis	拇收肌斜头
oblique part of cricothyroid	环甲肌斜部
obliquus capitis inferior	头下斜肌
obliquus capitis superior	头上斜肌
obturator externus	闭孔外肌
obturator internus	闭孔内肌
obturator muscle	闭孔肌
obturator vein	闭孔静脉
occipital bone	枕骨
occipital lobe	枕叶
occipital part of head	头枕部
omohyoid	肩胛舌骨肌
ophthalmic artery	眼动脉
ophthalmic nerve	眼神经
opponens digiti minimi of foot	小趾对跖肌
opponens digiti minimi of hand	小指对掌肌
opponens pollicis	拇对掌肌
optic chiasm	视交叉
optic nerve	视神经
optic part of retina	视网膜视部
optic tract	视束
orbit	眶
orbital compartment	眶腔隔
orbital content	眶内容物
orbital gyrus	眶回
orbital part of eye	眼眶部
organ	器官
organ cavity subdivision	器官腔分部
organ chamber	器官腔室
organ component	器官组分
organ component cluster	器官组分簇
organ component gland	器官组分腺
organ component layer	器官组分层
organ component of neuraxis	神经轴器官组分
organ part cluster	器官部分簇
organ region	器官区域
organ segment	器官节段
organ with cavitated organ parts	含腔部器官
organ with organ cavity	含器官腔的器官
organ zone	器官区
osseous skeleton of external nose	外鼻骨性支架
osseous skeleton of internal nose	鼻腔骨性支架
osseous skeleton of nose	鼻骨性支架
outflow part of atrium	心房流出道
outflow part of ventricle	心室流出道
palatine bone	腭骨
palatopharyngeus	腭咽肌
palmar metacarpal artery	掌心动脉
palmar metacarpal vein	掌心静脉
palmaris longus	掌长肌
pancreas	胰
pancreatic artery	胰动脉
pancreatic duct	胰管
pancreatic duct tree	胰管树
pancreaticobiliary system	胰胆系统
pancreaticoduodenal vein	胰十二指肠静脉
papillary muscle of ventricle	心室乳头肌
paracentral branch of callosomarginal artery	胼缘动脉旁中央支
parahippocampal gyrus	海马旁回
parasympathetic ganglion	副交感神经节
parenchyma	实质
parenchyma of pancreas	胰实质
parenchymatous organ	实质性器官
parietal bone	顶骨
parietal lobe	顶叶
parietal part of head	头顶部
patella	髌骨
patellar part of knee	膝髌部
pectineus	耻骨肌
pectoral branch of thoraco-acromial artery	胸肩峰动脉胸肌支
pectoral girdle	肩带
pectoral muscle	胸肌
pectoral part of chest	胸前区
pectoral part of pectoral girdle	肩带胸部
pectoralis major	胸大肌
pectoralis minor	胸小肌
peduncle of midbrain	大脑脚
peduncle of neuraxis	神经轴脚
pelvic girdle	盆带
pelvic skeleton	骨盆骨架
pelvic wall	盆壁
pelvis	骨盆
pericallosal artery	胼周动脉
perineal muscle	会阴肌
perineum	会阴
peritoneal mesentery	腹膜系膜
peritoneal sac	腹膜囊
peritoneum	腹膜
phalanx of big toe	踇趾趾骨
phalanx of finger	指骨
phalanx of fourth toe	第4趾趾骨
phalanx of index finger	示指指骨
phalanx of little finger	小指指骨
phalanx of little toe	小趾趾骨
phalanx of middle finger	中指指骨
phalanx of ring finger	环指指骨
phalanx of second toe	第2趾趾骨
phalanx of third toe	第3趾趾骨
phalanx of thumb	拇指指骨
phalanx of toe	趾骨
pharyngeal raphe	咽缝
physical anatomical entity	物理解剖实体
pineal body	松果体
piriformis	梨状肌
pisiform	豌豆骨
pituitary gland	垂体
plantar arch	足底弓
plantar interosseous of foot	骨间足底肌
plantar metatarsal artery	跖足底动脉
plantar metatarsal vein	跖足底静脉
plantar tarsal ligament	跗足底韧带
plantar venous arch of foot	足底静脉弓
plantaris	跖肌
platysma	颈阔肌
pneumatized bone	含气骨
polar temporal artery	颞极动脉
pons	脑桥
pontine artery	脑桥动脉
popliteal artery	腘动脉
popliteal vein	腘静脉
popliteus	腘肌
portal vein	门静脉
portal venous system	门静脉系统
portal venous tree	门静脉树
portion of connective tissue	结缔组织部分
portion of tissue	组织部分
postcentral gyrus	中央后回
postcommunicating part of posterior cerebral artery	大脑后动脉交通后部
posterior abdominal wall	腹后壁
posterior basal bronchopulmonary segment	后底段
posterior basal segmental artery	后底段动脉
posterior basal segmental bronchial tree	后底段支气管树
posterior basal segmental vein	后底段静脉
posterior branch of anterior segmental artery	前段动脉后支
posterior branch of lateral segmental artery	外侧段动脉后支
posterior branch of portal vein	门静脉后支
posterior bronchopulmonary segment	后段
posterior cecal artery	盲肠后动脉
posterior cerebral artery	大脑后动脉
posterior chest	后胸
posterior choroidal artery	脉络丛后动脉
posterior circumflex humeral artery	旋肱后动脉
posterior commissure	后连合
posterior communicating artery	后交通动脉
posterior crico-arytenoid	环杓后肌
posterior cusp of aortic valve	主动脉瓣后半月瓣
posterior cusp of pulmonary valve	肺动脉瓣后半月瓣
posterior division of renal artery	肾动脉后干
posterior ethmoidal nerve	筛后神经
posterior inferior cerebellar artery	小脑下后动脉
posterior inferior pancreaticoduodenal artery	胰十二指肠下后动脉
posterior inferior segmental branch of portal vein	门静脉后下段支
posterior inferior segmental hepatic artery	肝后下段动脉
posterior inferior segmental tributary of hepatic vein	肝静脉后下段属支
posterior inferior tributary of hepatic biliary tree	肝胆管树后下属支
posterior intercostal arteries	肋间后动脉
posterior intercostal artery	肋间后动脉
posterior interventricular branch of coronary artery	冠状动脉后室间支
posterior leaflet of mitral valve	二尖瓣后尖
posterior leaflet of tricuspid valve	三尖瓣后尖
posterior medial choroidal artery	脉络丛后内侧动脉
posterior mediastinum	后纵隔
posterior papillary muscle of ventricle	心室后乳头肌
posterior parietal artery	顶后动脉
posterior part of anterior segmental artery	前段动脉后部
posterior part of lateral segmental vein	外侧段静脉后部
posterior part of pelvis	骨盆后部
posterior part of posterior segmental artery	后段动脉后部
posterior part of superior temporal gyrus	颞上回后部
posterior sector of liver	肝后区
posterior segmental artery	后段动脉
posterior segmental branch of renal artery	肾动脉后段支
posterior segmental bronchial tree	后段支气管树
posterior segmental hepatic artery	肝后段动脉
posterior segmental renal artery	肾后段动脉
posterior segmental vein	后段静脉
posterior suboccipital muscle	枕下后群肌
posterior superior pancreaticoduodenal artery	胰十二指肠上后动脉
posterior superior segmental branch of portal vein	门静脉后上段支
posterior superior segmental hepatic artery	肝后上段动脉
posterior superior segmental tributary of hepatic vein	肝静脉后上段属支
posterior superior tributary of hepatic biliary tree	肝胆管树后上属支
posterior temporal branch of middle cerebral artery	大脑中动脉颞后支
posterior thoracic wall	胸后壁
posterior tibial artery	胫后动脉
posterior tibial vein	胫后静脉
posterior tributary of hepatic biliary tree	肝胆管树后属支
posterior ulnar recurrent artery	尺侧返动脉后支
posterior vein of ventricle	心室后静脉
posterior ventricular branch of coronary artery	冠状动脉心室后支
posteromedial branch of callosomarginal artery	胼缘动脉后内侧支
posteromedial central branch of posterior cerebral artery	大脑后动脉后内侧中央支
postvertebral muscle	椎后肌
pre-hepatic portal vein	肝前门静脉
precentral gyrus	中央前回
precommunicating part of posterior cerebral artery	大脑后动脉交通前部
precuneal branch of pericallosal artery	胼周动脉楔前支
prefrontal artery	前额动脉
prefrontal cortex	前额叶皮质
premolar tooth	前磨牙
prevertebral muscle	椎前肌
process of organ	器官突
pronator quadratus	旋前方肌
proper palmar digital vein of index finger	示指指掌侧固有静脉
proper palmar digital vein of little finger	小指指掌侧固有静脉
proper palmar digital vein of middle finger	中指指掌侧固有静脉
proper palmar digital vein of ring finger	环指指掌侧固有静脉
prostate	前列腺
proximal carpal bone	近侧列腕骨
proximal part of ileum	回肠近段
proximal part of jejunum	空肠近段
proximal phalanx of big toe	踇趾近节趾骨
proximal phalanx of fourth toe	第4趾近节趾骨
proximal phalanx of index finger	示指近节指骨
proximal phalanx of little finger	小指近节指骨
proximal phalanx of little toe	小趾近节趾骨
proximal phalanx of middle finger	中指近节指骨
proximal phalanx of ring finger	环指近节指骨
proximal phalanx of second toe	第2趾近节趾骨
proximal phalanx of third toe	第3趾近节趾骨
proximal phalanx of thumb	拇指近节指骨
psoas major	腰大肌
pterygomandibular raphe	翼突下颌缝
pubic hair	阴毛
pubococcygeus	耻尾肌
puborectalis	耻骨直肠肌
pulmonary arterial tree	肺动脉树
pulmonary arterial trunk	肺动脉干
pulmonary artery	肺动脉
pulmonary segment of bronchial tree	支气管树肺段
pulmonary trunk	肺动脉干
pulmonary valve	肺动脉瓣
pulmonary vascular system	肺血管系统
pulmonary vein	肺静脉
pulmonary venous tree organ	肺静脉树
pulmopleural compartment	肺胸膜腔隔
putamen	壳
quadratus femoris	股方肌
radial artery	桡动脉
radial collateral artery	桡侧副动脉
radial collateral branch of deep brachial artery	肱深动脉桡侧副支
radial recurrent artery	桡侧返动脉
radial vein	桡静脉
radius	桡骨
rectum	直肠
rectus capitis anterior	头前直肌
rectus capitis lateralis	头外侧直肌
rectus capitis posterior major	头后大直肌
rectus capitis posterior minor	头后小直肌
rectus femoris	股直肌
recurrent interosseous artery	骨间返动脉
region of anterior sector of liver (in-vivo)	肝前区（活体）
region of cerebral cortex	大脑皮质区
region of cerebral white matter	大脑白质区
region of ciliary body	睫状体区
region of dura mater	硬脑膜区
region of lateral papillary muscle of ventricle	心室外侧乳头肌区
region of layer of wall of eyeball	眼球壁层区
region of organ component	器官组分区
region of papillary muscle	乳头肌区
region of papillary muscle of ventricle	心室乳头肌区
region of peritoneum	腹膜区
region of posterior sector of liver (in-vivo)	肝后区（活体）
region of retina	视网膜区
region of serous membrane	浆膜区
region of vascular layer of eyeball	眼球血管膜区
region of vascular tree organ	血管树区
region of ventricular system of brain	脑室系统区
region of ventricular system of neuraxis	神经轴室系统区
region of visceral peritoneum	脏腹膜区
region of wall of heart	心壁区
region of wall of ventricular system of neuraxis	神经轴室系统壁区
renal artery	肾动脉
renal vein	肾静脉
respiratory system	呼吸系统
respiratory tract	呼吸道
retinaculum	支持带
rhomboid major	大菱形肌
rhomboid minor	小菱形肌
rib	肋
rib cage	胸廓
ring finger	环指
root of nose	鼻根
rotator muscle	回旋肌
sacrum	骶骨
salivary gland	唾液腺
salpingopharyngeus	咽鼓管咽肌
sartorius	缝匠肌
scalene muscle	斜角肌
scalenus anterior	前斜角肌
scalenus medius	中斜角肌
scalenus posterior	后斜角肌
scaphoid	手舟骨
scapula	肩胛骨
scapular part of pectoral girdle	肩带肩胛部
sclera	巩膜
second common palmar digital artery	第2指掌侧总动脉
second costal cartilage	第2肋软骨
second lumbar intervertebral symphysis	第2腰椎椎间联合
second lumbar vertebra	第2腰椎
second lumbrical of foot	足第2蚓状肌
second metacarpal bone	第2掌骨
second metatarsal bone	第2跖骨
second plantar interosseous of foot	第2骨间足底肌
second posterior intercostal artery	第2肋间后动脉
second rib	第2肋
second septal branch of posterior interventricular artery	后室间动脉第2室间隔支
second thoracic intervertebral symphysis	第2胸椎椎间联合
second thoracic vertebra	第2胸椎
second toe	第2趾
secondary canine tooth	恒尖牙
secondary incisor tooth	恒切牙
secondary molar tooth	恒磨牙
segment of anterior tibial artery	胫前动脉段
segment of aorta	主动脉段
segment of arterial tree organ	动脉树段
segment of arterial trunk	动脉干段
segment of artery	动脉段
segment of biliary tree	胆道树段
segment of brain	脑段
segment of bronchial tree	支气管树段
segment of cerebral hemisphere	大脑半球段
segment of colon	结肠段
segment of forebrain	前脑段
segment of gyrus of cerebral hemisphere	大脑半球脑回段
segment of hepatic biliary tree	肝胆管树段
segment of hindbrain	后脑段
segment of lacrimal duct	泪道段
segment of large intestine	大肠段
segment of liver	肝段
segment of metencephalon	后脑段
segment of midbrain	中脑段
segment of midbrain tectum	中脑顶盖段
segment of neural tree organ	神经树段
segment of neuraxis	神经轴段
segment of renal artery	肾动脉段
segment of subclavian artery	锁骨下动脉段
segment of systemic artery	体循环动脉段
segment of telencephalon	端脑段
segment of thoracic aorta	胸主动脉段
segment of tracheobronchial tree	气管支气管树段
segment of venous tree organ	静脉树段
segment of white matter of neuraxis	神经轴白质段
segmental pulmonary artery	肺段动脉
segmental pulmonary vein	肺段静脉
segmental renal artery	肾段动脉
segmental tributary of hepatic biliary tree	肝胆管树段属支
semimembranosus	半膜肌
seminal vesicle	精囊
semispinalis	半棘肌
semispinalis capitis	头半棘肌
semispinalis cervicis	颈半棘肌
semispinalis thoracis	胸半棘肌
semitendinosus	半腱肌
septal branch of anterior interventricular artery	前室间动脉室间隔支
septal branch of posterior interventricular artery	后室间动脉室间隔支
septal leaflet of tricuspid valve	三尖瓣隔侧尖
septal nasal cartilage	鼻中隔软骨
septal papillary muscle of ventricle	心室隔侧乳头肌
septum of internal nose	鼻腔中隔
septum of neuraxis	神经轴隔
septum of telencephalon	端脑隔
serratus anterior	前锯肌
serratus posterior	后锯肌
serratus posterior inferior	下后锯肌
serratus posterior superior	上后锯肌
sesamoid bone	籽骨
sesamoid bone of foot	足籽骨
set of anterior cervical intertransversarii	颈前横突间肌
set of anterior intercostal veins	肋间前静脉
set of arteries	动脉群
set of calcaneal branches of posterior tibial artery	胫后动脉跟支
set of cervical vertebrae	颈椎
set of common plantar digital arteries	趾足底总动脉
set of dorsal digital arteries	指背动脉
set of dorsal digital veins	指背静脉
set of dorsal interossei of hand	骨间背侧肌（手）
set of dorsal metacarpal arteries	掌背动脉
set of facial hairs	面部毛发
set of hairs	毛发
set of heterogeneous clusters	异质簇集合
set of interspinales cervicis	颈棘间肌
set of interspinales lumborum	腰棘间肌
set of levatores costarum breves	肋短提肌
set of levatores costarum longi	肋长提肌
set of lumbar vertebrae	腰椎
set of lumbricals of hand	手蚓状肌
set of oesophageal branches of thoracic aorta	胸主动脉食管支
set of organ parts	器官部分集合
set of organ regions	器官区域集合
set of organs	器官集合
set of palmar interossei of hand	骨间掌侧肌
set of perforating arteries	穿动脉
set of perforating veins	穿静脉
set of plantar digital arteries proper	趾足底固有动脉
set of plantar digital veins	趾足底静脉
set of posterior cervical intertransversarii	颈后横突间肌
set of posterior temporal branches of lateral occipital artery	枕外侧动脉颞后支
set of thoracic vertebrae	胸椎
set of veins	静脉群
seventh cervical intervertebral symphysis	第7颈椎椎间联合
seventh cervical vertebra	第7颈椎
seventh costal cartilage	第7肋软骨
seventh rib	第7肋
seventh thoracic intervertebral symphysis	第7胸椎椎间联合
seventh thoracic vertebra	第7胸椎
short bone	短骨
short ciliary nerve	睫状短神经
short head of biceps brachii	肱二头肌短头
short head of biceps femoris	股二头肌短头
shoulder	肩
side of bony pelvis	骨盆*侧
side of heart	*心
side of internal nose	鼻腔*侧
side of rib cage	胸廓*侧
sigmoid artery	乙状结肠动脉
sigmoid vein	乙状结肠静脉
sixth cervical intervertebral symphysis	第6颈椎椎间联合
sixth cervical vertebra	第6颈椎
sixth costal cartilage	第6肋软骨
sixth rib	第6肋
sixth thoracic intervertebral symphysis	第6胸椎椎间联合
sixth thoracic vertebra	第6胸椎
skeletal ligament	骨骼韧带
skeletal system	骨骼系统
skeletal system of thorax	胸部骨骼系统
skeletal system of trunk	躯干骨骼系统
skeleton (in vivo)	骨骼（活体）
skeleton of hand proper	手骨
skeleton of mouth	口腔骨架
skeleton of nasal septum	鼻中隔支架
skeleton of pectoral girdle	肩带骨
skin	皮肤
skin appendage	皮肤附属器
skull	颅骨
small cardiac vein	心小静脉
small intestine	小肠
small saphenous vein	小隐静脉
soft palate	软腭
soleus	比目鱼肌
solid organ	实质器官
space of compartment of head	头部腔隙
sphenoid bone	蝶骨
sphenoid part of middle cerebral artery	大脑中动脉蝶部
spinal cord	脊髓
spinal part of deltoid	三角肌肩胛冈部
spinalis	棘肌
spinalis thoracis	胸棘肌
spleen	脾
splenial artery	胼胝体压部动脉
splenic artery	脾动脉
splenic vein	脾静脉
splenius	夹肌
splenius capitis	头夹肌
splenius cervicis	颈夹肌
sternal part of chest	胸骨区
sternocleidomastoid	胸锁乳突肌
sternocostal part of pectoralis major	胸大肌胸肋部
sternohyoid	胸骨舌骨肌
sternothyroid	胸骨甲状肌
sternum	胸骨
stomach	胃
straight part of cricothyroid	环甲肌直部
stria medullaris of thalamus	丘脑髓纹
stria of neuraxis	神经轴纹
stria of telencephalon	端脑纹
stria terminalis	终纹
stylohyoid	茎突舌骨肌
stylohyoid ligament	茎突舌骨韧带
stylopharyngeus	茎突咽肌
subaortic curtain of ventricle	心室主动脉下帘
subarachnoid incisure	蛛网膜下切迹
subclavian artery	锁骨下动脉
subclavian vein	锁骨下静脉
subclavius	锁骨下肌
subcortex of cerebral hemisphere	大脑半球皮质下
subcostal artery	肋下动脉
subcostal vein	肋下静脉
subdivision of anterior division of internal iliac artery	髂内动脉前干分部
subdivision of anterior tibial artery	胫前动脉分部
subdivision of auriculotemporal part of head	头耳颞部分部
subdivision of brachiocephalic vein	头臂静脉分部
subdivision of cardinal body part	主要身体部分分部
subdivision of celiac artery	腹腔干分部
subdivision of cerebral part of internal carotid artery	颈内动脉大脑部分部
subdivision of common carotid artery	颈总动脉分部
subdivision of common hepatic artery	肝总动脉分部
subdivision of costocervical artery	肋颈干分部
subdivision of cranial dura mater	硬脑膜分部
subdivision of deep femoral artery	股深动脉分部
subdivision of epidermis	表皮分部
subdivision of epithelium	上皮分部
subdivision of external iliac artery	髂外动脉分部
subdivision of external iliac artery proper	髂外动脉本部分部
subdivision of external iliac vein	髂外静脉分部
subdivision of face	面部分部
subdivision of femoral artery	股动脉分部
subdivision of gastroduodenal artery	胃十二指肠动脉分部
subdivision of head	头部分部
subdivision of head proper	头本部分部
subdivision of hepatic artery	肝动脉分部
subdivision of hepatic artery proper	肝固有动脉分部
subdivision of hepatic portal vein	肝门静脉分部
subdivision of inferior mesenteric artery	肠系膜下动脉分部
subdivision of inferior pancreaticoduodenal artery	胰十二指肠下动脉分部
subdivision of inferior vena caval tree	下腔静脉树分部
subdivision of internal carotid artery	颈内动脉分部
subdivision of internal iliac artery	髂内动脉分部
subdivision of internal pudendal artery	阴部内动脉分部
subdivision of internal thoracic artery	胸廓内动脉分部
subdivision of laryngopharynx	喉咽分部
subdivision of mouth	口腔分部
subdivision of muscle layer	肌层分部
subdivision of nervous system	神经系统分部
subdivision of parasympathetic nervous system	副交感神经系统分部
subdivision of pharynx	咽分部
subdivision of posterior tibial artery	胫后动脉分部
subdivision of pre-hepatic portal vein	肝前门静脉分部
subdivision of splenic artery	脾动脉分部
subdivision of subarachnoid space	蛛网膜下隙分部
subdivision of subclavian artery	锁骨下动脉分部
subdivision of subclavian vein	锁骨下静脉分部
subdivision of subscapular artery	肩胛下动脉分部
subdivision of superior mesenteric artery	肠系膜上动脉分部
subdivision of superior temporal gyrus	颞上回分部
subdivision of superior vena caval tree	上腔静脉树分部
subdivision of thoraco-acromial artery	胸肩峰动脉分部
subdivision of thyrocervical artery	甲状颈干分部
subdivision of transverse cervical artery	颈横动脉分部
subdivisionof autonomic nervous system	自主神经系统分部
subendocardial layer of myocardium of ventricle	心室心肌心内膜下层
sublingual gland	舌下腺
submandibular gland	下颌下腺
subscapular artery	肩胛下动脉
subscapular vein	肩胛下静脉
subscapularis	肩胛下肌
subsegmental part of anterior basal segmental artery	前底段动脉亚段部
subsegmental part of anterior segmental artery	前段动脉亚段部
subsegmental part of anterior segmental vein	前段静脉亚段部
subsegmental part of apical segmental artery	尖段动脉亚段部
subsegmental part of apical segmental vein	尖段静脉亚段部
subsegmental part of lateral basal segmental artery	外侧底段动脉亚段部
subsegmental part of lateral segmental artery	外侧段动脉亚段部
subsegmental part of lateral segmental vein	外侧段静脉亚段部
subsegmental part of medial segmental artery	内侧段动脉亚段部
subsegmental part of medial segmental vein	内侧段静脉亚段部
subsegmental part of posterior basal segmental artery	后底段动脉亚段部
subsegmental part of posterior segmental artery	后段动脉亚段部
subsegmental part of superior segmental artery	上段动脉亚段部
subsegmental pulmonary artery	肺亚段动脉
subsegmental pulmonary vein	肺亚段静脉
superficial cervical artery	颈浅动脉
superficial chest wall	胸壁浅层
superficial dorsal vein of penis	阴茎背浅静脉
superficial epigastric artery	腹壁浅动脉
superficial epigastric vein	腹壁浅静脉
superficial head of flexor pollicis brevis	拇短屈肌浅头
superficial medial plantar artery	足底内侧动脉浅支
superficial muscle of anterior compartment of forearm	前臂前群浅层肌
superficial muscle of neck	颈浅肌
superficial muscle of posterior compartment of forearm	前臂后群浅层肌
superficial muscle of posterior compartment of leg	小腿后群浅层肌
superficial palmar arterial arch	掌浅弓
superficial palmar venous arch	掌浅静脉弓
superficial perineal muscle	会阴浅层肌
superficial postvertebral muscle	椎后浅层肌
superior basal vein	底段上静脉
superior branch of medial segmental artery	内侧段动脉上支
superior branch of oculomotor nerve	动眼神经上支
superior branch of superior segmental artery	上段动脉上支
superior bronchopulmonary segment	上段
superior cerebellar artery	小脑上动脉
superior colliculus	上丘
superior division of upper lobe part of bronchial tree	上叶支气管树上支
superior epigastric artery	腹壁上动脉
superior epigastric vein	腹壁上静脉
superior frontal gyrus	额上回
superior genicular artery	膝上动脉
superior gluteal vein	臀上静脉
superior intercostal artery	肋间最上动脉
superior intercostal vein	肋间上静脉
superior lateral genicular artery	膝上外侧动脉
superior lingular artery	舌段上动脉
superior lingular bronchial tree	上舌段支气管树
superior lingular bronchopulmonary segment	上舌段
superior lingular vein	上舌段静脉
superior medial genicular artery	膝上内侧动脉
superior mediastinum	上纵隔
superior mesenteric artery	肠系膜上动脉
superior mesenteric vein	肠系膜上静脉
superior oblique	上斜肌
superior oblique part of longus colli	颈长肌上斜部
superior pancreaticoduodenal artery	胰十二指肠上动脉
superior parietal lobule	顶上小叶
superior part of anterior segmental vein	前段静脉上部
superior part of medial segmental vein	内侧段静脉上部
superior pharyngeal constrictor	咽上缩肌
superior phrenic vein	膈上静脉
superior pulmonary vein	肺上静脉
superior rectal artery	直肠上动脉
superior rectal vein	直肠上静脉
superior rectus	上直肌
superior segmental artery	上段动脉
superior segmental branch of renal artery	肾动脉上段支
superior segmental bronchial tree	上段支气管树
superior segmental renal artery	肾上段动脉
superior segmental vein	上段静脉
superior systemic venous tree	上体循环静脉树
superior terminal branch of middle cerebral artery	大脑中动脉上终支
superior ulnar collateral artery	尺侧上副动脉
superior vena cava	上腔静脉
superior vermian branch of medial branch of superior cerebellar artery	小脑上动脉内侧支上蚓支
supinator	旋后肌
supra-orbital nerve	眶上神经
suprahyoid muscle	舌骨上肌
supramarginal gyrus	缘上回
suprarenal vein	肾上腺静脉
suprascapular artery	肩胛上动脉
suprascapular vein	肩胛上静脉
supraspinatus	冈上肌
supratrochlear nerve	滑车上神经
supreme intercostal artery	肋间最上动脉
suspensory ligament of lens	晶状体悬韧带
systemic arterial system	体循环动脉系统
systemic arterial tree	体循环动脉树
systemic arterial trunk	体循环动脉干
systemic artery	体循环动脉
systemic vein	体循环静脉
systemic venous system	体循环静脉系统
taenia coli	结肠带
taenia libera	独立带
taenia mesocolica	系膜带
taenia omentalis	网膜带
talus	距骨
tarsal bone	跗骨
tarsal ligament	跗骨韧带
tarsal plate of eyelid	睑板
tarsal plate of lower eyelid	下睑板
tarsal plate of upper eyelid	上睑板
telencephalon	端脑
temporal artery	颞动脉
temporal bone	颞骨
temporal lobe	颞叶
temporo-occipital branch of middle cerebral artery	大脑中动脉颞枕支
tendinous arch of levator ani	肛提肌腱弓
tendon	肌腱
tendon of levator palpebrae superioris	上睑提肌腱
tensor fasciae latae	阔筋膜张肌
tensor veli palatini	腭帆张肌
tenth rib	第10肋
tenth thoracic intervertebral symphysis	第10胸椎椎间联合
tenth thoracic vertebra	第10胸椎
tentorium cerebelli	小脑幕
teres major	大圆肌
teres minor	小圆肌
testicular artery	睾丸动脉
testicular vein	睾丸静脉
testis	睾丸
thalamogeniculate artery	丘脑膝状体动脉
thalamoperforating artery	丘脑穿动脉
thalamus	丘脑
thenar muscle	鱼际肌
thigh	大腿
third cervical intervertebral symphysis	第3颈椎椎间联合
third cervical vertebra	第3颈椎
third common palmar digital artery	第3指掌侧总动脉
third costal cartilage	第3肋软骨
third lumbar intervertebral symphysis	第3腰椎椎间联合
third lumbar vertebra	第3腰椎
third lumbrical of foot	足第3蚓状肌
third metacarpal bone	第3掌骨
third metatarsal bone	第3跖骨
third plantar interosseous of foot	第3骨间足底肌
third rib	第3肋
third thoracic intervertebral symphysis	第3胸椎椎间联合
third thoracic vertebra	第3胸椎
third toe	第3趾
third ventricle	第三脑室
thoracic part of tracheobronchial tree	气管支气管树胸部
thoracic rotator	胸回旋肌
thoracic segment of trunk	躯干胸段
thoracic vertebra	胸椎
thoracic vertebral column	胸段脊柱
thoracic wall	胸壁
thoraco-acromial artery	胸肩峰动脉
thoracodorsal artery	胸背动脉
thoracodorsal vein	胸背静脉
thorax	胸部
thumb	拇指
thymus	胸腺
thyro-arytenoid	甲杓肌
thyro-epiglottic ligament	甲状会厌韧带
thyrocervical artery	甲状颈干
thyrocervical trunk	甲状颈干
thyrohyoid	甲状舌骨肌
thyrohyoid ligament	甲状舌骨韧带
thyrohyoid membrane	甲状舌骨膜
thyroid cartilage	甲状软骨
tibia	胫骨
tibialis anterior	胫骨前肌
tibialis posterior	胫骨后肌
tongue	舌
tooth	牙
trachea	气管
tracheobronchial tree	气管支气管树
transverse arytenoid	杓横肌
transverse cervical artery	颈横动脉
transverse colon	横结肠
transverse head of adductor hallucis	踇收肌横头
transverse head of adductor pollicis	拇收肌横头
transverse mesocolon	横结肠系膜
transverse part of trapezius	斜方肌横部
transversus thoracis	胸横肌
trapezium	大多角骨
trapezoid	小多角骨
tributary of axillary vein	腋静脉属支
tributary of azygos vein	奇静脉属支
tributary of basilic vein	贵要静脉属支
tributary of brachial vein	肱静脉属支
tributary of common palmar digital vein	指掌侧总静脉属支
tributary of deep femoral vein	股深静脉属支
tributary of deep palmar venous arch	掌深静脉弓属支
tributary of external jugular vein	颈外静脉属支
tributary of femoral vein	股静脉属支
tributary of great saphenous vein	大隐静脉属支
tributary of hepatic vein	肝静脉属支
tributary of inferior mesenteric vein	肠系膜下静脉属支
tributary of internal iliac vein	髂内静脉属支
tributary of internal pudendal vein	阴部内静脉属支
tributary of internal thoracic vein	胸廓内静脉属支
tributary of middle hepatic vein	肝中静脉属支
tributary of plantar venous arch	足底静脉弓属支
tributary of popliteal vein	腘静脉属支
tributary of radial vein	桡静脉属支
tributary of splenic vein	脾静脉属支
tributary of subclavian vein	锁骨下静脉属支
tributary of superficial external pudendal vein	阴部外浅静脉属支
tributary of superficial palmar venous arch	掌浅静脉弓属支
tributary of superior mesenteric vein	肠系膜上静脉属支
tributary of venous anastomosis	静脉吻合属支
tricuspid valve	三尖瓣
triquetral	三角骨
trochlea of superior oblique	上斜肌滑车
trochlear nerve	滑车神经
true rib	真肋
trunk	躯干
trunk of anterior interventricular branch of coronary artery	冠状动脉前室间支主干
trunk of apical segmental vein	尖段静脉主干
trunk of branch of coeliac artery	腹腔干分支主干
trunk of branch of colic artery	结肠动脉分支主干
trunk of branch of common hepatic artery	肝总动脉分支主干
trunk of branch of common iliac artery	髂总动脉分支主干
trunk of branch of coronary artery	冠状动脉分支主干
trunk of branch of external iliac artery	髂外动脉分支主干
trunk of branch of hepatic portal vein	肝门静脉分支主干
trunk of branch of inferior mesenteric artery	肠系膜下动脉分支主干
trunk of branch of internal carotid artery	颈内动脉分支主干
trunk of branch of middle cerebral artery	大脑中动脉分支主干
trunk of branch of popliteal artery	腘动脉分支主干
trunk of branch of subclavian artery	锁骨下动脉分支主干
trunk of coronary artery	冠状动脉主干
trunk of gastroduodenal artery	胃十二指肠动脉主干
trunk of hepatic artery	肝动脉主干
trunk of inferior terminal branch of middle cerebral artery	大脑中动脉下终支主干
trunk of intrapulmonary vein	肺内静脉主干
trunk of lateral plantar artery	足底外侧动脉主干
trunk of middle cerebral artery	大脑中动脉主干
trunk of portal vein	门静脉主干
trunk of pulmonary vein	肺静脉主干
trunk of renal artery	肾动脉主干
trunk of segmental pulmonary vein	肺段静脉主干
trunk of subdivision of axillary artery	腋动脉分部主干
trunk of superior mesenteric artery	肠系膜上动脉主干
trunk of systemic vein	体循环静脉主干
trunk of thoraco-acromial artery	胸肩峰动脉主干
tuber cinereum	灰结节
twelfth rib	第12肋
twelfth thoracic vertebra	第12胸椎
typical rib	典型肋
ulna	尺骨
ulnar artery	尺动脉
ulnar head of flexor carpi ulnaris	尺侧腕屈肌尺头
ulnar head of pronator teres	旋前圆肌尺头
ulnar recurrent artery	尺侧返动脉
ulnar vein	尺静脉
upper central secondary incisor tooth	上颌恒中切牙
upper eyelid	上睑
upper first secondary molar tooth	上颌第一恒磨牙
upper first secondary premolar tooth	上颌第一恒前磨牙
upper gastrointestinal tract	上消化道
upper jaw	上颌
upper lateral secondary incisor tooth	上颌恒侧切牙
upper limb	上肢
upper lobar artery	上叶动脉
upper lobar vein	上叶静脉
upper lobe of lung	肺上叶
upper lobe part of bronchial tree	上叶支气管树
upper second secondary molar tooth	上颌第二恒磨牙
upper second secondary premolar tooth	上颌第二恒前磨牙
upper secondary canine tooth	上颌恒尖牙
upper secondary incisor tooth	上颌恒切牙
upper secondary molar tooth	上颌恒磨牙
upper secondary premolar tooth	上颌恒前磨牙
upper urinary tract	上尿路
ureter	输尿管
ureteric segment of renal artery	肾动脉输尿管段
urethra	尿道
urinary bladder	膀胱
urinary system	泌尿系统
uvula	腭垂
uvular muscle	腭垂肌
variant artery	变异动脉
variant bronchial artery	变异支气管动脉
variant systemic artery	变异体循环动脉
vascular anastomosis	血管吻合
vascular layer of eyeball	眼球血管膜
vascular tree	血管树
vasculature of body	全身血管
vastus intermedius	股中间肌
vastus lateralis	股外侧肌
vastus medialis	股内侧肌
vein	静脉
venous anastomosis	静脉吻合
venous tree organ	静脉树
venous trunk	静脉干
ventricle	心室
ventricular branch of coronary artery	冠状动脉心室支
ventricular system of brain	脑室系统
ventricular system of neuraxis	神经轴室系统
vertebra	椎骨
vertebral artery	椎动脉
vertebral column	脊柱
vertical intermediate part of longus colli	颈长肌垂直中间部
visceral peritoneum	脏腹膜
viscerocranium	面颅
vitreous body	玻璃体
vocal ligament	声韧带
vocalis	声带肌
vomer	犁骨
wall of abdomen	腹壁
wall of abdomen proper	腹壁本部
wall of atrium	心房壁
wall of cardiac chamber	心腔壁
wall of distal part of ileum	回肠远段壁
wall of eyeball	眼球壁
wall of ileum	回肠壁
wall of inflow part of ventricle	心室流入道壁
wall of internal nose	鼻腔壁
wall of large intestine	大肠壁
wall of side of heart	*心壁
wall of side of internal nose	鼻腔*侧壁
wall of small intestine	小肠壁
wall of ventricle	心室壁
white matter of cerebral hemisphere	大脑半球白质
white matter of neuraxis	神经轴白质
white matter of telencephalon	端脑白质
wrist	腕
xiphoid process	剑突
zone of artery	动脉区段
zone of bone organ	骨区
zone of cavernous organ	海绵体区
zone of continuity	连续区
zone of corpus spongiosum of penis	尿道海绵体区
zone of cricothyroid	环甲肌区
zone of deltoid	三角肌区
zone of diencephalon	间脑区
zone of fascia lata	阔筋膜区
zone of ileum	回肠区
zone of investing fascia	深筋膜区
zone of investing fascia of free lower limb	自由下肢深筋膜区
zone of investing fascia of lower limb	下肢深筋膜区
zone of investing fascia of thigh	大腿深筋膜区
zone of jejunum	空肠区
zone of levator ani	肛提肌区
zone of longus colli	颈长肌区
zone of middle cerebral artery	大脑中动脉区
zone of muscle organ	肌区
zone of neuraxis	神经轴区
zone of oblique arytenoid	杓斜肌区
zone of pectoralis major	胸大肌区
zone of posterior cerebral artery	大脑后动脉区
zone of quadriceps femoris	股四头肌区
zone of small intestine	小肠区
zone of sternum	胸骨区
zone of trapezius	斜方肌区
zone of trunk of lateral plantar artery	足底外侧动脉主干区
zygomatic bone	颧骨
